Day,Time,Duration (mins),Title,Teacher,Description,Cost,Format,Registration Link,Featured Image,Teacher Image,Class Info
Monday,6:00 PM,30,30-Minute After-Work Meditation,Deanna,"Simple. Profound. Transformative. These brief meditation sessions help you get in touch with your infinite potential by connecting to the heart and cultivating inner peace. In just 30 minutes your whole day can change.",$5,In-Person,https://checkout.meditationinnewyork.org/30-minute-meditations-wb-in-person/,https://meditationinwilliamsburg.org/wp-content/uploads/2023/12/Meditate-After-Work.jpg,,"Please arrive 5-10 minutes before class begins. Doors are locked promptly once class begins. Suitable for beginners and experienced practitioners. No special clothing is required. Chairs and cushions are provided. Everyone welcome!"
Monday,7:00 PM,60,Monday General Program,Teri,"When applied correctly, meditation enables us to let go of old angers and hurts, find freedom from anxiety, and cultivate meaningful perspectives on life. This program introduces Preparatory Practices—traditional mental exercises designed to deepen meditation's effectiveness.",$10,In-Person,,,"Please arrive 5-10 minutes before class begins. Doors are locked promptly once class begins. Suitable for beginners and experienced practitioners. No special clothing is required. Chairs and cushions are provided. Everyone welcome!"
Tuesday,6:00 PM,30,30-Minute After-Work Meditation,Various,"Simple. Profound. Transformative. These brief meditation sessions help you get in touch with your infinite potential by connecting to the heart and cultivating inner peace. In just 30 minutes your whole day can change.",$5,In-Person,https://checkout.meditationinnewyork.org/30-minute-meditations-wb-in-person/,https://meditationinwilliamsburg.org/wp-content/uploads/2023/12/Meditate-After-Work.jpg,,"Please arrive 5-10 minutes before class begins. Doors are locked promptly once class begins. Suitable for beginners and experienced practitioners. No special clothing is required. Chairs and cushions are provided. Everyone welcome!"
Tuesday,7:00 PM,60,Introduction to Buddhism,"Deanna, Debbie, Ben","Curious about Buddhism? This weekly class presents basic teachings from Geshe Kelsang Gyatso's book How To Transform Your Life that you can apply to improve work, relationships, and daily life. Each session includes guided meditation, Dharma instruction, and discussion.",$10,In-Person,https://checkout.meditationinnewyork.org/tuesday-gp-in-person-wb/,https://meditationinwilliamsburg.org/wp-content/uploads/2025/02/Yellow-Gradient-Minimal-Daily-Motivation-Instagram-Post-Instagram-Post.jpg,https://meditationinwilliamsburg.org/wp-content/uploads/2024/11/tuesday-general-program-teachers-wb-600x395.jpg,"Please arrive 5-10 minutes before class begins. Doors are locked promptly once class begins. Suitable for beginners and experienced practitioners. No special clothing is required. Chairs and cushions are provided. Everyone welcome!"
Wednesday,6:00 PM,30,30-Minute After-Work Meditation,Ben,"Simple. Profound. Transformative. These brief meditation sessions help you get in touch with your infinite potential by connecting to the heart and cultivating inner peace. In just 30 minutes your whole day can change.",$5,In-Person,https://checkout.meditationinnewyork.org/30-minute-meditations-wb-in-person/,https://meditationinwilliamsburg.org/wp-content/uploads/2023/12/Meditate-After-Work.jpg,,"Please arrive 5-10 minutes before class begins. Doors are locked promptly once class begins. Suitable for beginners and experienced practitioners. No special clothing is required. Chairs and cushions are provided. Everyone welcome!"
Wednesday,6:45 PM,120,Foundation Program,Joseph Giacona,"A commitment-based study program for those interested in deepening their understanding of Buddha's teachings. Features regular teachings, meditation, systematic study of Buddhist texts, and group discussion.",$85/month,In-Person + Streaming,fp@meditationinwilliamsburg.org,https://meditationinwilliamsburg.org/wp-content/uploads/2022/03/Foundations-Instagram-Post-2.jpg,,"Please arrive 5-10 minutes before class begins. Doors are locked promptly once class begins. This is a commitment-based study program. No special clothing is required. Chairs and cushions are provided."
Thursday,6:00 PM,30,30-Minute After-Work Meditation,Debbie,"Simple. Profound. Transformative. These brief meditation sessions help you get in touch with your infinite potential by connecting to the heart and cultivating inner peace. In just 30 minutes your whole day can change.",$5,In-Person,https://checkout.meditationinnewyork.org/30-minute-meditations-wb-in-person/,https://meditationinwilliamsburg.org/wp-content/uploads/2023/12/Meditate-After-Work.jpg,,"Please arrive 5-10 minutes before class begins. Doors are locked promptly once class begins. Suitable for beginners and experienced practitioners. No special clothing is required. Chairs and cushions are provided. Everyone welcome!"
Thursday,7:00 PM,60,Patient Acceptance: Beyond Taking Things Personally,Joseph Giacona,"This series explores how Buddhist teachings on patient acceptance help us free ourselves from taking things so personally. Through studying anger's ineffectiveness, the wisdom of acceptance, and the concept of no self, participants learn to transform problems and conflicts into opportunities for great spiritual growth.",$10,In-Person + Streaming,https://checkout.meditationinnewyork.org/thursday-gp-in-person-wb/,https://meditationinwilliamsburg.org/wp-content/uploads/2025/01/patient-acceptance.jpg,https://meditationinwilliamsburg.org/wp-content/uploads/2025/03/Joseph-600x400.jpg,"Please arrive 5-10 minutes before class begins. Doors are locked promptly once class begins. Suitable for beginners and experienced practitioners. No special clothing is required. Chairs and cushions are provided. Everyone welcome!"
Sunday,11:00 AM,90,Practical Advice for a Happy Life,Joseph Giacona,"Explore teachings from Atisha, a foundational Buddhist master. Study practical wisdom for cultivating inner peace and compassion. Sessions combine guided meditation with discussion.",$15,In-Person,https://checkout.meditationinnewyork.org/sun-morning-gp-in-person-wb/,https://meditationinwilliamsburg.org/wp-content/uploads/2025/03/1.png,https://meditationinwilliamsburg.org/wp-content/uploads/2023/12/Joseph_Teachers-Fotos-42101-EYES-OPEN-600x400.jpg,"Please arrive 5-10 minutes before class begins. Doors are locked promptly once class begins. Suitable for beginners and experienced practitioners. No special clothing is required. Chairs and cushions are provided. Everyone welcome!"
